Fund Name,P1,P2,P3,P4,Topsis Score,Rank
M1,0.67,0.45,6.5,12.56,0.15633,5
M2,0.6,0.38,6.7,14.47,0.255282,4
M3,0.82,0.67,3.8,17.1,1.0,1
M4,0.76,0.58,4.8,12.29,0.433466,2
M5,0.72,0.5,5.2,13.5,0.38994,3
